pred_user_id,predicted_known_user,confidence,anomaly_score,final_risk_score,top3_candidates,true_user_id,mode,session_id,scenario,is_unknown_true,is_unknown_pred
user_01,user_01,0.9923836059246393,0.057913076169283095,0.03276473512232192,"[np.str_('user_01'), np.str_('user_02'), np.str_('user_07')]",user_01,direct,user_01_direct_s10,open_set,False,False
user_01,user_01,0.9689447316797771,0.0,0.015527634160111436,"[np.str_('user_01'), np.str_('user_02'), np.str_('user_05')]",user_01,direct,user_01_direct_s13,open_set,False,False
user_01,user_01,0.9702638813750665,0.1890975176622327,0.10941681814358312,"[np.str_('user_01'), np.str_('user_02'), np.str_('user_03')]",user_01,direct,user_01_direct_s15,open_set,False,False
user_01,user_01,0.9776040933776227,0.02771937169058647,0.025057639156481903,"[np.str_('user_01'), np.str_('user_05'), np.str_('user_06')]",user_01,direct,user_01_direct_s16,open_set,False,False
user_01,user_01,0.9804422966321479,0.0,0.00977885168392606,"[np.str_('user_01'), np.str_('user_02'), np.str_('user_05')]",user_01,direct,user_01_direct_s17,open_set,False,False
user_01,user_01,0.988086072096293,0.08868644010552273,0.05030018400461489,"[np.str_('user_01'), np.str_('user_02'), np.str_('user_05')]",user_01,direct,user_01_direct_s19,open_set,False,False
user_01,user_01,0.9539407243340209,0.23104475639652178,0.13855201603125045,"[np.str_('user_01'), np.str_('user_02'), np.str_('user_04')]",user_01,direct,user_01_direct_s21,open_set,False,False
user_01,user_01,0.8912065058679468,0.3408798592990746,0.2248366767155639,"[np.str_('user_01'), np.str_('user_03'), np.str_('user_02')]",user_01,direct,user_01_direct_s22,open_set,False,False
user_01,user_01,0.980994666247517,0.20949626083373174,0.11425079729310739,"[np.str_('user_01'), np.str_('user_02'), np.str_('user_06')]",user_01,direct,user_01_direct_s23,open_set,False,False
user_01,user_01,0.9534374570269865,0.03926299447761383,0.04291276872531369,"[np.str_('user_01'), np.str_('user_06'), np.str_('user_04')]",user_01,direct,user_01_direct_s25,open_set,False,False
user_01,user_01,0.9658578385429706,0.0,0.01707108072851471,"[np.str_('user_01'), np.str_('user_02'), np.str_('user_05')]",user_01,direct,user_01_direct_s27,open_set,False,False
user_01,user_01,0.9642924900526056,0.025176571671081893,0.030442040809238124,"[np.str_('user_01'), np.str_('user_02'), np.str_('user_05')]",user_01,direct,user_01_direct_s29,open_set,False,False
user_01,user_01,0.9590934157961275,0.054742824042363414,0.047824704123117956,"[np.str_('user_01'), np.str_('user_02'), np.str_('user_05')]",user_01,direct,user_01_direct_s3,open_set,False,False
user_01,user_01,0.9256731147260213,0.22120679562466805,0.14776684044932337,"[np.str_('user_01'), np.str_('user_05'), np.str_('user_02')]",user_01,direct,user_01_direct_s31,open_set,False,False
unknown,user_01,0.563906601549662,1.0,0.7180466992251691,"[np.str_('user_01'), np.str_('user_05'), np.str_('user_04')]",user_01,direct,user_01_direct_s33,open_set,False,True
user_01,user_01,0.8785719928066617,0.3204324247309026,0.22093021596212048,"[np.str_('user_01'), np.str_('user_06'), np.str_('user_02')]",user_01,direct,user_01_direct_s35,open_set,False,False
user_01,user_01,0.970461601395787,0.330266267565807,0.17990233308501002,"[np.str_('user_01'), np.str_('user_06'), np.str_('user_02')]",user_01,direct,user_01_direct_s37,open_set,False,False
user_01,user_01,0.7280251385377364,0.46414598339377566,0.3680604224280196,"[np.str_('user_01'), np.str_('user_05'), np.str_('user_04')]",user_01,direct,user_01_direct_s39,open_set,False,False
user_01,user_01,0.8966612653220125,0.1858399251374533,0.1445893299077204,"[np.str_('user_01'), np.str_('user_02'), np.str_('user_05')]",user_01,direct,user_01_direct_s4,open_set,False,False
user_01,user_01,0.9098312598624848,0.2767863342212298,0.18347753717937249,"[np.str_('user_01'), np.str_('user_05'), np.str_('user_02')]",user_01,direct,user_01_direct_s41,open_set,False,False
unknown,user_01,0.7774964014708459,0.81657712625898,0.5195403623940671,"[np.str_('user_01'), np.str_('user_02'), np.str_('user_06')]",user_01,direct,user_01_direct_s43,open_set,False,True
user_01,user_01,0.9742236005207279,0.28633275000429914,0.15605457474178563,"[np.str_('user_01'), np.str_('user_02'), np.str_('user_03')]",user_01,direct,user_01_direct_s45,open_set,False,False
user_01,user_01,0.8092274273227741,0.3253849848680327,0.2580787787726293,"[np.str_('user_01'), np.str_('user_02'), np.str_('user_03')]",user_01,direct,user_01_direct_s47,open_set,False,False
user_01,user_01,0.8664623002723556,0.3345160885647801,0.23402689414621225,"[np.str_('user_01'), np.str_('user_05'), np.str_('user_06')]",user_01,direct,user_01_direct_s49,open_set,False,False
user_01,user_01,0.9327175013014424,0.3045578524378828,0.18592017556822021,"[np.str_('user_01'), np.str_('user_06'), np.str_('user_05')]",user_01,direct,user_01_direct_s51,open_set,False,False
user_01,user_01,0.9556849940954418,0.1163189549749788,0.08031698043976848,"[np.str_('user_01'), np.str_('user_02'), np.str_('user_06')]",user_01,direct,user_01_direct_s7,open_set,False,False
user_01,user_01,0.9788647391175423,0.00758605907625598,0.014360659979356816,"[np.str_('user_01'), np.str_('user_02'), np.str_('user_03')]",user_01,direct,user_01_direct_s9,open_set,False,False
user_01,user_01,0.9849734812628583,0.008704447239740176,0.011865482988440923,"[np.str_('user_01'), np.str_('user_02'), np.str_('user_06')]",user_01,vpn,user_01_vpn_s1,open_set,False,False
user_01,user_01,0.9982679738562092,0.22890585064961622,0.11531893839670349,"[np.str_('user_01'), np.str_('user_05'), np.str_('user_07')]",user_01,vpn,user_01_vpn_s11,open_set,False,False
user_01,user_01,0.9662273828825231,0.310233037508607,0.17200282731304195,"[np.str_('user_01'), np.str_('user_02'), np.str_('user_07')]",user_01,vpn,user_01_vpn_s12,open_set,False,False
user_01,user_01,0.9541442458181231,0.30850929042930386,0.1771825223055904,"[np.str_('user_01'), np.str_('user_02'), np.str_('user_05')]",user_01,vpn,user_01_vpn_s14,open_set,False,False
user_01,user_01,0.9966666666666667,0.23586347148633535,0.11959840240983433,"[np.str_('user_01'), np.str_('user_02'), np.str_('user_07')]",user_01,vpn,user_01_vpn_s18,open_set,False,False
user_01,user_01,0.9961122825989005,0.18988074080172135,0.09688422910141042,"[np.str_('user_01'), np.str_('user_04'), np.str_('user_02')]",user_01,vpn,user_01_vpn_s2,open_set,False,False
user_01,user_01,0.9772227518375274,0.18921316420323453,0.10599520618285357,"[np.str_('user_01'), np.str_('user_02'), np.str_('user_06')]",user_01,vpn,user_01_vpn_s20,open_set,False,False
unknown,user_01,0.74646417522825,0.8048725079013952,0.5292041663365725,"[np.str_('user_01'), np.str_('user_03'), np.str_('user_02')]",user_01,vpn,user_01_vpn_s24,open_set,False,True
user_01,user_01,0.9845476271378412,0.2178933387718347,0.11667285581699677,"[np.str_('user_01'), np.str_('user_06'), np.str_('user_02')]",user_01,vpn,user_01_vpn_s26,open_set,False,False
user_01,user_01,0.995496688741722,0.45962019109989005,0.232061751179084,"[np.str_('user_01'), np.str_('user_04'), np.str_('user_07')]",user_01,vpn,user_01_vpn_s28,open_set,False,False
unknown,user_01,0.8382403215117868,1.0,0.5808798392441066,"[np.str_('user_01'), np.str_('user_06'), np.str_('user_02')]",user_01,vpn,user_01_vpn_s30,open_set,False,True
user_01,user_01,0.9474041982076757,0.2917149959610862,0.17215539887670522,"[np.str_('user_01'), np.str_('user_06'), np.str_('user_02')]",user_01,vpn,user_01_vpn_s32,open_set,False,False
user_01,user_01,0.9139850914493161,0.30230289384414155,0.19415890119741275,"[np.str_('user_01'), np.str_('user_05'), np.str_('user_02')]",user_01,vpn,user_01_vpn_s34,open_set,False,False
user_01,user_01,0.9144747527877847,0.2754541323883829,0.1804896898002991,"[np.str_('user_01'), np.str_('user_02'), np.str_('user_03')]",user_01,vpn,user_01_vpn_s36,open_set,False,False
unknown,user_01,0.8741447715993841,0.8245451096707088,0.47520016903566237,"[np.str_('user_01'), np.str_('user_02'), np.str_('user_06')]",user_01,vpn,user_01_vpn_s38,open_set,False,True
user_01,user_01,0.9042589506182576,0.5967895094215545,0.3462652794016485,"[np.str_('user_01'), np.str_('user_03'), np.str_('user_04')]",user_01,vpn,user_01_vpn_s40,open_set,False,False
user_01,user_01,0.8928842328904418,0.4033615450602426,0.2552386560849004,"[np.str_('user_01'), np.str_('user_06'), np.str_('user_02')]",user_01,vpn,user_01_vpn_s42,open_set,False,False
user_01,user_01,0.8907821533616472,0.3634779504919742,0.23634789856516347,"[np.str_('user_01'), np.str_('user_06'), np.str_('user_02')]",user_01,vpn,user_01_vpn_s44,open_set,False,False
user_01,user_01,0.9823771789388712,0.12646327768017274,0.07204304937065076,"[np.str_('user_01'), np.str_('user_06'), np.str_('user_05')]",user_01,vpn,user_01_vpn_s46,open_set,False,False
unknown,user_01,0.6247833877422446,1.0,0.6876083061288777,"[np.str_('user_01'), np.str_('user_02'), np.str_('user_06')]",user_01,vpn,user_01_vpn_s48,open_set,False,True
user_01,user_01,0.9880644277299124,0.06672070542025432,0.039328138845170946,"[np.str_('user_01'), np.str_('user_04'), np.str_('user_06')]",user_01,vpn,user_01_vpn_s5,open_set,False,False
unknown,user_01,0.936080442470016,0.9873976554279379,0.525658606478961,"[np.str_('user_01'), np.str_('user_02'), np.str_('user_06')]",user_01,vpn,user_01_vpn_s50,open_set,False,True
user_01,user_01,0.9797897898338906,0.06246905092854682,0.04133963054732809,"[np.str_('user_01'), np.str_('user_04'), np.str_('user_03')]",user_01,vpn,user_01_vpn_s52,open_set,False,False
user_01,user_01,0.9911387163561077,0.010318314061574352,0.009589798852733311,"[np.str_('user_01'), np.str_('user_02'), np.str_('user_06')]",user_01,vpn,user_01_vpn_s53,open_set,False,False
user_01,user_01,1.0,0.28307349025021133,0.14153674512510567,"[np.str_('user_01'), np.str_('user_06'), np.str_('user_07')]",user_01,vpn,user_01_vpn_s6,open_set,False,False
user_01,user_01,0.985391450804774,0.09760631150259658,0.0561074303489113,"[np.str_('user_01'), np.str_('user_06'), np.str_('user_02')]",user_01,vpn,user_01_vpn_s8,open_set,False,False
user_02,user_02,0.9908847038129054,0.042703982955021536,0.025909639571058074,"[np.str_('user_02'), np.str_('user_01'), np.str_('user_05')]",user_02,direct,user_02_direct_s54,open_set,False,False
user_02,user_02,0.9942690058479532,0.0754390978602767,0.04058504600616175,"[np.str_('user_02'), np.str_('user_01'), np.str_('user_03')]",user_02,direct,user_02_direct_s60,open_set,False,False
user_02,user_02,0.9742029746628937,0.4175815425056114,0.22168928392135884,"[np.str_('user_02'), np.str_('user_06'), np.str_('user_01')]",user_02,direct,user_02_direct_s61,open_set,False,False
user_02,user_02,0.9970702313792822,0.0955202443156602,0.049225006468189,"[np.str_('user_02'), np.str_('user_01'), np.str_('user_06')]",user_02,direct,user_02_direct_s63,open_set,False,False
user_02,user_02,0.9904255319148937,0.1400900766337635,0.0748322723594349,"[np.str_('user_02'), np.str_('user_03'), np.str_('user_05')]",user_02,direct,user_02_direct_s65,open_set,False,False
user_02,user_02,0.9887012741730122,0.021359870324797137,0.01632929807589245,"[np.str_('user_02'), np.str_('user_06'), np.str_('user_05')]",user_02,direct,user_02_direct_s66,open_set,False,False
user_02,user_02,0.8871738618885987,0.156160888783337,0.13449351344736915,"[np.str_('user_02'), np.str_('user_06'), np.str_('user_01')]",user_02,direct,user_02_direct_s67,open_set,False,False
user_02,user_02,0.9847140498535182,0.11473273578471421,0.06500934296559802,"[np.str_('user_02'), np.str_('user_06'), np.str_('user_01')]",user_02,direct,user_02_direct_s68,open_set,False,False
user_02,user_02,0.9952127659574469,0.10139830361457014,0.05309276882856162,"[np.str_('user_02'), np.str_('user_06'), np.str_('user_01')]",user_02,direct,user_02_direct_s69,open_set,False,False
unknown,user_02,0.7881294283452265,0.7470590754612683,0.4794648235580209,"[np.str_('user_02'), np.str_('user_06'), np.str_('user_05')]",user_02,direct,user_02_direct_s71,open_set,False,True
unknown,user_02,0.7571111400937787,0.7991261854208728,0.5210075226635471,"[np.str_('user_02'), np.str_('user_06'), np.str_('user_05')]",user_02,direct,user_02_direct_s73,open_set,False,True
unknown,user_02,0.5773105743011182,0.7933108284536802,0.6080001270762809,"[np.str_('user_02'), np.str_('user_05'), np.str_('user_06')]",user_02,direct,user_02_direct_s75,open_set,False,True
unknown,user_02,0.7999566658298178,0.7927435977584749,0.49639346596432854,"[np.str_('user_02'), np.str_('user_03'), np.str_('user_01')]",user_02,direct,user_02_direct_s77,open_set,False,True
user_02,user_02,0.9966666666666667,0.0,0.0016666666666666496,"[np.str_('user_02'), np.str_('user_01'), np.str_('user_07')]",user_02,direct,user_02_direct_s79,open_set,False,False
user_02,user_02,0.9976163940753607,0.2297530786857339,0.11606834230518659,"[np.str_('user_02'), np.str_('user_01'), np.str_('user_07')]",user_02,direct,user_02_direct_s81,open_set,False,False
user_02,user_02,0.9859716170217994,0.2036257589694328,0.10882707097381672,"[np.str_('user_02'), np.str_('user_05'), np.str_('user_06')]",user_02,direct,user_02_direct_s84,open_set,False,False
user_02,user_02,0.8807069108987439,0.46432028971366757,0.29180668940746185,"[np.str_('user_02'), np.str_('user_05'), np.str_('user_06')]",user_02,direct,user_02_direct_s85,open_set,False,False
user_02,user_02,0.9899090548417615,0.0,0.005045472579119248,"[np.str_('user_02'), np.str_('user_01'), np.str_('user_06')]",user_02,direct,user_02_direct_s89,open_set,False,False
user_02,user_02,0.985573680063042,0.05998324288648005,0.03720478141171901,"[np.str_('user_02'), np.str_('user_05'), np.str_('user_01')]",user_02,direct,user_02_direct_s94,open_set,False,False
user_02,user_02,0.9952127659574469,0.1723318374047147,0.0885595357236339,"[np.str_('user_02'), np.str_('user_01'), np.str_('user_07')]",user_02,vpn,user_02_vpn_s55,open_set,False,False
user_02,user_02,0.9624699159967016,0.08220624846218028,0.05986816623273933,"[np.str_('user_02'), np.str_('user_01'), np.str_('user_06')]",user_02,vpn,user_02_vpn_s56,open_set,False,False
user_02,user_02,0.9890702947845805,0.0933655394658689,0.052147622340644184,"[np.str_('user_02'), np.str_('user_01'), np.str_('user_03')]",user_02,vpn,user_02_vpn_s57,open_set,False,False
user_02,user_02,0.9917947530864197,0.1462552927502957,0.07723026983193798,"[np.str_('user_02'), np.str_('user_01'), np.str_('user_06')]",user_02,vpn,user_02_vpn_s58,open_set,False,False
user_02,user_02,0.9358279393017297,0.30133176831541664,0.18275191450684347,"[np.str_('user_02'), np.str_('user_01'), np.str_('user_03')]",user_02,vpn,user_02_vpn_s59,open_set,False,False
user_02,user_02,0.9666866658860234,0.31368173749380535,0.173497535803891,"[np.str_('user_02'), np.str_('user_01'), np.str_('user_06')]",user_02,vpn,user_02_vpn_s62,open_set,False,False
user_02,user_02,0.9812290640808558,0.0867976519887742,0.05278429395395923,"[np.str_('user_02'), np.str_('user_01'), np.str_('user_06')]",user_02,vpn,user_02_vpn_s64,open_set,False,False
user_02,user_02,0.9970921985815604,0.08220419230518794,0.04255599686181377,"[np.str_('user_02'), np.str_('user_01'), np.str_('user_07')]",user_02,vpn,user_02_vpn_s70,open_set,False,False
unknown,user_02,0.8102815051205282,1.0,0.5948592474397358,"[np.str_('user_02'), np.str_('user_01'), np.str_('user_06')]",user_02,vpn,user_02_vpn_s72,open_set,False,True
unknown,user_02,0.42347849420925615,1.0,0.7882607528953719,"[np.str_('user_02'), np.str_('user_06'), np.str_('user_01')]",user_02,vpn,user_02_vpn_s74,open_set,False,True
unknown,user_02,0.7506728121379577,1.0,0.6246635939310212,"[np.str_('user_02'), np.str_('user_01'), np.str_('user_06')]",user_02,vpn,user_02_vpn_s76,open_set,False,True
user_02,user_02,0.8759275942866895,0.5393733454015349,0.3317228755574227,"[np.str_('user_02'), np.str_('user_01'), np.str_('user_06')]",user_02,vpn,user_02_vpn_s78,open_set,False,False
user_02,user_02,0.9883960698837524,0.0371128020711865,0.024358366093717054,"[np.str_('user_02'), np.str_('user_05'), np.str_('user_06')]",user_02,vpn,user_02_vpn_s80,open_set,False,False
user_02,user_02,0.9032572465874422,0.3580064743018758,0.2273746138572168,"[np.str_('user_02'), np.str_('user_01'), np.str_('user_06')]",user_02,vpn,user_02_vpn_s82,open_set,False,False
unknown,user_02,0.946485263328686,0.7465972808527798,0.4000560087620469,"[np.str_('user_02'), np.str_('user_01'), np.str_('user_06')]",user_02,vpn,user_02_vpn_s83,open_set,False,True
user_02,user_02,0.9770275807722618,0.07249287567617102,0.0477326474519546,"[np.str_('user_02'), np.str_('user_01'), np.str_('user_05')]",user_02,vpn,user_02_vpn_s86,open_set,False,False
user_02,user_02,1.0,0.0,0.0,"[np.str_('user_02'), np.str_('user_06'), np.str_('user_07')]",user_02,vpn,user_02_vpn_s87,open_set,False,False
user_02,user_02,0.9946715328467154,0.3433712495864607,0.17434985836987266,"[np.str_('user_02'), np.str_('user_01'), np.str_('user_06')]",user_02,vpn,user_02_vpn_s88,open_set,False,False
user_02,user_02,0.9958887946470645,0.09185170441336132,0.04798145488314842,"[np.str_('user_02'), np.str_('user_05'), np.str_('user_01')]",user_02,vpn,user_02_vpn_s90,open_set,False,False
user_02,user_02,0.9889070133963753,0.09369314901044357,0.05239306780703412,"[np.str_('user_02'), np.str_('user_01'), np.str_('user_04')]",user_02,vpn,user_02_vpn_s91,open_set,False,False
user_02,user_02,0.9860770817684117,0.21764967257614776,0.11578629540386803,"[np.str_('user_02'), np.str_('user_01'), np.str_('user_06')]",user_02,vpn,user_02_vpn_s92,open_set,False,False
user_02,user_02,0.992602734837097,0.22007305075260375,0.11373515795775335,"[np.str_('user_02'), np.str_('user_01'), np.str_('user_06')]",user_02,vpn,user_02_vpn_s93,open_set,False,False
user_03,user_03,0.9953425450717198,0.06635476432167897,0.035506109624979576,"[np.str_('user_03'), np.str_('user_01'), np.str_('user_07')]",user_03,direct,user_03_direct_s100,open_set,False,False
user_03,user_03,0.9906797385620917,0.13299915850320843,0.07115970997055837,"[np.str_('user_03'), np.str_('user_01'), np.str_('user_07')]",user_03,direct,user_03_direct_s102,open_set,False,False
user_03,user_03,0.99534254507172,0.27272657101638265,0.1386920129723313,"[np.str_('user_03'), np.str_('user_01'), np.str_('user_07')]",user_03,direct,user_03_direct_s105,open_set,False,False
unknown,user_03,0.9787183217800456,0.8758368147158551,0.44855924646790474,"[np.str_('user_03'), np.str_('user_01'), np.str_('user_02')]",user_03,direct,user_03_direct_s106,open_set,False,True
unknown,user_03,0.9771251411442,1.0,0.5114374294279,"[np.str_('user_03'), np.str_('user_01'), np.str_('user_02')]",user_03,direct,user_03_direct_s108,open_set,False,True
user_03,user_03,0.9960290088638195,0.39784567623364975,0.20090833368491512,"[np.str_('user_03'), np.str_('user_01'), np.str_('user_02')]",user_03,direct,user_03_direct_s111,open_set,False,False
user_03,user_03,0.9527469953603132,0.29150584080092956,0.1693794227203082,"[np.str_('user_03'), np.str_('user_02'), np.str_('user_01')]",user_03,direct,user_03_direct_s113,open_set,False,False
user_03,user_03,0.9899216893747913,0.16806093604264283,0.08906962333392576,"[np.str_('user_03'), np.str_('user_04'), np.str_('user_02')]",user_03,direct,user_03_direct_s115,open_set,False,False
unknown,user_03,0.9855284166806374,0.9314294807047873,0.47295053201207493,"[np.str_('user_03'), np.str_('user_01'), np.str_('user_02')]",user_03,direct,user_03_direct_s118,open_set,False,True
user_03,user_03,0.9323131580020504,0.37926523958848357,0.2234760407932166,"[np.str_('user_03'), np.str_('user_02'), np.str_('user_01')]",user_03,direct,user_03_direct_s120,open_set,False,False
user_03,user_03,0.9921832492365975,0.1027959969262634,0.055306373844832946,"[np.str_('user_03'), np.str_('user_04'), np.str_('user_02')]",user_03,direct,user_03_direct_s121,open_set,False,False
unknown,user_03,0.9915032679738564,0.7456463207105493,0.37707152636834645,"[np.str_('user_03'), np.str_('user_01'), np.str_('user_07')]",user_03,direct,user_03_direct_s122,open_set,False,True
user_03,user_03,0.997051976346094,0.0,0.0014740118269530034,"[np.str_('user_03'), np.str_('user_04'), np.str_('user_01')]",user_03,direct,user_03_direct_s123,open_set,False,False
user_03,user_03,0.919120244736024,0.17788800477090816,0.12938388001744205,"[np.str_('user_03'), np.str_('user_01'), np.str_('user_02')]",user_03,direct,user_03_direct_s126,open_set,False,False
user_03,user_03,0.9832735587538738,0.1541380881134804,0.0854322646798033,"[np.str_('user_03'), np.str_('user_04'), np.str_('user_02')]",user_03,direct,user_03_direct_s96,open_set,False,False
user_03,user_03,0.9969217362158539,0.5765331362979712,0.28980570004105866,"[np.str_('user_03'), np.str_('user_01'), np.str_('user_07')]",user_03,vpn,user_03_vpn_s101,open_set,False,False
unknown,user_03,0.9968456910922665,0.6244992256194839,0.3138267672636087,"[np.str_('user_03'), np.str_('user_04'), np.str_('user_02')]",user_03,vpn,user_03_vpn_s103,open_set,False,True
user_03,user_03,0.9881766381766381,0.31049750677026644,0.16116043429681415,"[np.str_('user_03'), np.str_('user_02'), np.str_('user_06')]",user_03,vpn,user_03_vpn_s104,open_set,False,False
user_03,user_03,0.9879265458639627,0.5806891559107945,0.2963813050234159,"[np.str_('user_03'), np.str_('user_04'), np.str_('user_02')]",user_03,vpn,user_03_vpn_s107,open_set,False,False
user_03,user_03,0.8220436899319995,0.3741161418709038,0.27603622596945215,"[np.str_('user_03'), np.str_('user_01'), np.str_('user_02')]",user_03,vpn,user_03_vpn_s109,open_set,False,False
user_03,user_03,0.9681073406486409,0.18576721711589772,0.10882993823362841,"[np.str_('user_03'), np.str_('user_01'), np.str_('user_02')]",user_03,vpn,user_03_vpn_s110,open_set,False,False
user_03,user_03,1.0,0.1655780765136734,0.0827890382568367,"[np.str_('user_03'), np.str_('user_06'), np.str_('user_07')]",user_03,vpn,user_03_vpn_s112,open_set,False,False
unknown,user_03,0.954081082528736,1.0,0.522959458735632,"[np.str_('user_03'), np.str_('user_01'), np.str_('user_02')]",user_03,vpn,user_03_vpn_s114,open_set,False,True
user_03,user_03,0.9658391334506613,0.1514344962733658,0.09279768141135225,"[np.str_('user_03'), np.str_('user_01'), np.str_('user_02')]",user_03,vpn,user_03_vpn_s116,open_set,False,False
user_03,user_03,0.9978523489932887,0.2198940210457505,0.11102083602623092,"[np.str_('user_03'), np.str_('user_01'), np.str_('user_07')]",user_03,vpn,user_03_vpn_s117,open_set,False,False
unknown,user_03,0.9836347012900558,0.7857337906659227,0.40104954468793347,"[np.str_('user_03'), np.str_('user_02'), np.str_('user_01')]",user_03,vpn,user_03_vpn_s119,open_set,False,True
user_03,user_03,0.9969523809523809,0.019086755418220802,0.01106718723291994,"[np.str_('user_03'), np.str_('user_06'), np.str_('user_01')]",user_03,vpn,user_03_vpn_s124,open_set,False,False
user_03,user_03,0.9720758264637344,0.048582313770937025,0.03825324365360133,"[np.str_('user_03'), np.str_('user_01'), np.str_('user_02')]",user_03,vpn,user_03_vpn_s125,open_set,False,False
user_03,user_03,0.9966666666666667,0.0,0.0016666666666666496,"[np.str_('user_03'), np.str_('user_04'), np.str_('user_01')]",user_03,vpn,user_03_vpn_s95,open_set,False,False
user_03,user_03,0.9869013209698714,0.5979401682003584,0.30551942361524353,"[np.str_('user_03'), np.str_('user_04'), np.str_('user_02')]",user_03,vpn,user_03_vpn_s97,open_set,False,False
user_03,user_03,0.9649160086451836,0.15372321787886534,0.09440360461684089,"[np.str_('user_03'), np.str_('user_01'), np.str_('user_02')]",user_03,vpn,user_03_vpn_s98,open_set,False,False
user_03,user_03,0.9965974470325043,0.172572656848766,0.08798760490813085,"[np.str_('user_03'), np.str_('user_01'), np.str_('user_07')]",user_03,vpn,user_03_vpn_s99,open_set,False,False
user_04,user_04,0.9989122807017543,0.5557357413608097,0.2784117303295277,"[np.str_('user_04'), np.str_('user_07'), np.str_('user_06')]",user_04,direct,user_04_direct_s127,open_set,False,False
user_04,user_04,0.9824081435859152,0.2717674164037761,0.14467963640893045,"[np.str_('user_04'), np.str_('user_07'), np.str_('user_03')]",user_04,direct,user_04_direct_s128,open_set,False,False
unknown,user_04,0.9404542713117157,0.7268646817085764,0.3932052051984304,"[np.str_('user_04'), np.str_('user_05'), np.str_('user_01')]",user_04,direct,user_04_direct_s129,open_set,False,True
user_04,user_04,0.9817930642208357,0.23053411916924904,0.12437052747420668,"[np.str_('user_04'), np.str_('user_07'), np.str_('user_03')]",user_04,direct,user_04_direct_s130,open_set,False,False
unknown,user_04,0.9070184857913864,0.8190893622399977,0.45603543822430564,"[np.str_('user_04'), np.str_('user_05'), np.str_('user_01')]",user_04,direct,user_04_direct_s132,open_set,False,True
user_04,user_04,0.9834356849066874,0.0813278724289308,0.04894609376112169,"[np.str_('user_04'), np.str_('user_07'), np.str_('user_05')]",user_04,direct,user_04_direct_s135,open_set,False,False
user_04,user_04,0.9822830618576692,0.2408461564359098,0.12928154728912028,"[np.str_('user_04'), np.str_('user_07'), np.str_('user_03')]",user_04,direct,user_04_direct_s138,open_set,False,False
unknown,user_04,0.9194688345562202,0.8634934040479907,0.47201228474588525,"[np.str_('user_04'), np.str_('user_07'), np.str_('user_03')]",user_04,direct,user_04_direct_s140,open_set,False,True
user_04,user_04,0.9781738524238522,0.21160962792709714,0.11671788775162245,"[np.str_('user_04'), np.str_('user_07'), np.str_('user_01')]",user_04,direct,user_04_direct_s143,open_set,False,False
user_04,user_04,0.9915669515669515,0.06828560547112306,0.03835932695208577,"[np.str_('user_04'), np.str_('user_01'), np.str_('user_07')]",user_04,direct,user_04_direct_s145,open_set,False,False
user_04,user_04,0.9748476805543934,0.3511482601207564,0.1881502897831815,"[np.str_('user_04'), np.str_('user_01'), np.str_('user_07')]",user_04,direct,user_04_direct_s147,open_set,False,False
user_04,user_04,0.9908863116213076,0.1924694982838091,0.10079159333125076,"[np.str_('user_04'), np.str_('user_05'), np.str_('user_07')]",user_04,direct,user_04_direct_s149,open_set,False,False
unknown,user_04,0.8996108724718833,0.9650775670907172,0.5327333473094169,"[np.str_('user_04'), np.str_('user_05'), np.str_('user_07')]",user_04,direct,user_04_direct_s151,open_set,False,True
user_04,user_04,0.9958202601097338,0.44726888787719965,0.22572431388373293,"[np.str_('user_04'), np.str_('user_05'), np.str_('user_01')]",user_04,direct,user_04_direct_s153,open_set,False,False
unknown,user_04,0.9719786116252548,0.604153081036515,0.3160872347056301,"[np.str_('user_04'), np.str_('user_05'), np.str_('user_07')]",user_04,direct,user_04_direct_s154,open_set,False,True
unknown,user_04,0.9017446695817375,0.8358424084223839,0.4670488694203232,"[np.str_('user_04'), np.str_('user_05'), np.str_('user_01')]",user_04,direct,user_04_direct_s157,open_set,False,True
unknown,user_04,0.9570681216931217,0.6131141387537858,0.32802300853033206,"[np.str_('user_04'), np.str_('user_07'), np.str_('user_05')]",user_04,vpn,user_04_vpn_s131,open_set,False,True
user_04,user_04,0.9009444792404977,0.4184610248029814,0.25875827278124186,"[np.str_('user_04'), np.str_('user_03'), np.str_('user_01')]",user_04,vpn,user_04_vpn_s133,open_set,False,False
user_04,user_04,0.905107401444853,0.5488447900063684,0.3218686942807577,"[np.str_('user_04'), np.str_('user_05'), np.str_('user_01')]",user_04,vpn,user_04_vpn_s134,open_set,False,False
unknown,user_04,0.9399212962962963,1.0,0.5300393518518518,"[np.str_('user_04'), np.str_('user_07'), np.str_('user_01')]",user_04,vpn,user_04_vpn_s136,open_set,False,True
unknown,user_04,0.9243524601219665,1.0,0.5378237699390167,"[np.str_('user_04'), np.str_('user_05'), np.str_('user_07')]",user_04,vpn,user_04_vpn_s137,open_set,False,True
user_04,user_04,0.9211700265271267,0.5535213747129661,0.31617567409291975,"[np.str_('user_04'), np.str_('user_05'), np.str_('user_07')]",user_04,vpn,user_04_vpn_s139,open_set,False,False
user_04,user_04,0.9987083333333334,0.0,0.00064583333333329,"[np.str_('user_04'), np.str_('user_05'), np.str_('user_07')]",user_04,vpn,user_04_vpn_s141,open_set,False,False
user_04,user_04,0.976383442502776,0.578366230241653,0.3009913938694385,"[np.str_('user_04'), np.str_('user_07'), np.str_('user_03')]",user_04,vpn,user_04_vpn_s142,open_set,False,False
user_04,user_04,0.9911347517730497,0.0,0.00443262411347517,"[np.str_('user_04'), np.str_('user_07'), np.str_('user_03')]",user_04,vpn,user_04_vpn_s144,open_set,False,False
user_04,user_04,0.9653116082021435,0.09222807556798107,0.06345823368291881,"[np.str_('user_04'), np.str_('user_03'), np.str_('user_01')]",user_04,vpn,user_04_vpn_s146,open_set,False,False
unknown,user_04,0.9571155375729362,0.6634114550698627,0.3531479587484632,"[np.str_('user_04'), np.str_('user_05'), np.str_('user_01')]",user_04,vpn,user_04_vpn_s148,open_set,False,True
user_04,user_04,0.9960347428628105,0.005107521213075561,0.004536389175132549,"[np.str_('user_04'), np.str_('user_01'), np.str_('user_02')]",user_04,vpn,user_04_vpn_s150,open_set,False,False
unknown,user_04,0.991536231884058,0.9937019693816384,0.5010828687487902,"[np.str_('user_04'), np.str_('user_01'), np.str_('user_07')]",user_04,vpn,user_04_vpn_s152,open_set,False,True
user_04,user_04,0.9987083333333334,0.2317501576801707,0.11652091217341864,"[np.str_('user_04'), np.str_('user_05'), np.str_('user_07')]",user_04,vpn,user_04_vpn_s155,open_set,False,False
unknown,user_04,0.8502927925288175,0.9070544259361037,0.5283808167036431,"[np.str_('user_04'), np.str_('user_05'), np.str_('user_01')]",user_04,vpn,user_04_vpn_s156,open_set,False,True
user_05,user_05,0.9935977463312369,0.2392372996842107,0.12281977667648691,"[np.str_('user_05'), np.str_('user_04'), np.str_('user_06')]",user_05,direct,user_05_direct_s159,open_set,False,False
user_05,user_05,0.9873936170212767,0.19195061639115807,0.10227849968494068,"[np.str_('user_05'), np.str_('user_06'), np.str_('user_04')]",user_05,direct,user_05_direct_s162,open_set,False,False
user_05,user_05,0.9863570261437907,0.13654984108010082,0.07509640746815505,"[np.str_('user_05'), np.str_('user_04'), np.str_('user_01')]",user_05,direct,user_05_direct_s164,open_set,False,False
unknown,user_05,0.9840554893128421,0.779289101050502,0.3976168058688299,"[np.str_('user_05'), np.str_('user_04'), np.str_('user_06')]",user_05,direct,user_05_direct_s166,open_set,False,True
user_05,user_05,1.0,0.0,0.0,"[np.str_('user_05'), np.str_('user_07'), np.str_('user_06')]",user_05,direct,user_05_direct_s168,open_set,False,False
user_05,user_05,0.9978649237472766,0.10185184513464485,0.0519934606936841,"[np.str_('user_05'), np.str_('user_06'), np.str_('user_07')]",user_05,direct,user_05_direct_s169,open_set,False,False
user_05,user_05,0.9950961538461539,0.0991948509891818,0.05204934857151394,"[np.str_('user_05'), np.str_('user_06'), np.str_('user_07')]",user_05,direct,user_05_direct_s172,open_set,False,False
user_05,user_05,0.995612155020552,0.1253969777804862,0.0648924113799671,"[np.str_('user_05'), np.str_('user_06'), np.str_('user_02')]",user_05,direct,user_05_direct_s173,open_set,False,False
user_05,user_05,0.9786400532160633,0.15987125261922763,0.09061559970158217,"[np.str_('user_05'), np.str_('user_04'), np.str_('user_02')]",user_05,direct,user_05_direct_s177,open_set,False,False
user_05,user_05,0.9371300493500075,0.5505796679929216,0.306724809321457,"[np.str_('user_05'), np.str_('user_04'), np.str_('user_02')]",user_05,direct,user_05_direct_s179,open_set,False,False
user_05,user_05,0.9963934522758052,0.15890722341827912,0.08125688557123695,"[np.str_('user_05'), np.str_('user_06'), np.str_('user_04')]",user_05,direct,user_05_direct_s181,open_set,False,False
user_05,user_05,0.9386294235202641,0.3608047345027494,0.21108765549124264,"[np.str_('user_05'), np.str_('user_01'), np.str_('user_06')]",user_05,direct,user_05_direct_s182,open_set,False,False
user_05,user_05,0.99,0.009378304025734585,0.009689152012867297,"[np.str_('user_05'), np.str_('user_04'), np.str_('user_07')]",user_05,direct,user_05_direct_s184,open_set,False,False
user_05,user_05,0.9962944109267637,0.23519703149748328,0.11945131028535977,"[np.str_('user_05'), np.str_('user_06'), np.str_('user_07')]",user_05,direct,user_05_direct_s185,open_set,False,False
unknown,user_05,0.9439348419302276,0.6109132108380272,0.3334891844538998,"[np.str_('user_05'), np.str_('user_04'), np.str_('user_06')]",user_05,direct,user_05_direct_s187,open_set,False,True
unknown,user_05,0.9330604771342119,0.9394769135025628,0.5032082181841755,"[np.str_('user_05'), np.str_('user_06'), np.str_('user_04')]",user_05,direct,user_05_direct_s189,open_set,False,True
user_05,user_05,0.9576403088305324,0.4512561164936567,0.24680790383156215,"[np.str_('user_05'), np.str_('user_04'), np.str_('user_03')]",user_05,direct,user_05_direct_s191,open_set,False,False
unknown,user_05,0.956760071163772,0.8849354430337887,0.4640876859350083,"[np.str_('user_05'), np.str_('user_06'), np.str_('user_07')]",user_05,direct,user_05_direct_s193,open_set,False,True
unknown,user_05,0.8321128240067565,0.6401463777380987,0.4040167768656711,"[np.str_('user_05'), np.str_('user_06'), np.str_('user_02')]",user_05,direct,user_05_direct_s195,open_set,False,True
user_05,user_05,0.9663478901766454,0.48383471068722295,0.2587434102552888,"[np.str_('user_05'), np.str_('user_04'), np.str_('user_07')]",user_05,direct,user_05_direct_s197,open_set,False,False
unknown,user_05,0.5002914269240937,1.0,0.7498542865379532,"[np.str_('user_05'), np.str_('user_01'), np.str_('user_04')]",user_05,direct,user_05_direct_s199,open_set,False,True
user_05,user_05,0.9889415467625898,0.20639378021532706,0.10872611672636862,"[np.str_('user_05'), np.str_('user_04'), np.str_('user_02')]",user_05,direct,user_05_direct_s201,open_set,False,False
user_05,user_05,0.9731101278269421,0.3874457841600325,0.20716782816654522,"[np.str_('user_05'), np.str_('user_01'), np.str_('user_03')]",user_05,direct,user_05_direct_s202,open_set,False,False
user_05,user_05,0.9901414319248826,0.036544660540842044,0.023201614307979734,"[np.str_('user_05'), np.str_('user_04'), np.str_('user_07')]",user_05,direct,user_05_direct_s203,open_set,False,False
user_05,user_05,0.9952212389380531,0.12818659612683414,0.0664826785943905,"[np.str_('user_05'), np.str_('user_01'), np.str_('user_07')]",user_05,direct,user_05_direct_s205,open_set,False,False
unknown,user_05,0.9176868355545726,0.7113387175230322,0.3968259409842298,"[np.str_('user_05'), np.str_('user_04'), np.str_('user_01')]",user_05,vpn,user_05_vpn_s158,open_set,False,True
user_05,user_05,0.9274270747206566,0.159103895428082,0.11583841035371273,"[np.str_('user_05'), np.str_('user_04'), np.str_('user_06')]",user_05,vpn,user_05_vpn_s160,open_set,False,False
user_05,user_05,1.0,0.0,0.0,"[np.str_('user_05'), np.str_('user_07'), np.str_('user_06')]",user_05,vpn,user_05_vpn_s161,open_set,False,False
user_05,user_05,0.9984294871794873,0.08613621867406052,0.0438533657472866,"[np.str_('user_05'), np.str_('user_06'), np.str_('user_07')]",user_05,vpn,user_05_vpn_s163,open_set,False,False
unknown,user_05,0.9154970454504877,0.9236152132678644,0.5040590839086884,"[np.str_('user_05'), np.str_('user_04'), np.str_('user_01')]",user_05,vpn,user_05_vpn_s165,open_set,False,True
user_05,user_05,0.9853944430293766,0.3611806524567661,0.18789310471369475,"[np.str_('user_05'), np.str_('user_04'), np.str_('user_01')]",user_05,vpn,user_05_vpn_s167,open_set,False,False
user_05,user_05,1.0,0.0,0.0,"[np.str_('user_05'), np.str_('user_07'), np.str_('user_06')]",user_05,vpn,user_05_vpn_s170,open_set,False,False
user_05,user_05,0.9574609817218687,0.4485539083093725,0.2455464632937519,"[np.str_('user_05'), np.str_('user_06'), np.str_('user_02')]",user_05,vpn,user_05_vpn_s171,open_set,False,False
user_05,user_05,0.9985545722713864,0.06730598698282941,0.034375707355721485,"[np.str_('user_05'), np.str_('user_07'), np.str_('user_06')]",user_05,vpn,user_05_vpn_s174,open_set,False,False
user_05,user_05,0.9946502057613168,0.21105226027696167,0.10820102725782244,"[np.str_('user_05'), np.str_('user_04'), np.str_('user_07')]",user_05,vpn,user_05_vpn_s175,open_set,False,False
user_05,user_05,0.9853707278830477,0.39666117961844516,0.20564522586769873,"[np.str_('user_05'), np.str_('user_04'), np.str_('user_06')]",user_05,vpn,user_05_vpn_s176,open_set,False,False
user_05,user_05,0.9979835390946501,0.14104731036732043,0.07153188563633517,"[np.str_('user_05'), np.str_('user_07'), np.str_('user_06')]",user_05,vpn,user_05_vpn_s178,open_set,False,False
user_05,user_05,0.9901224411540345,0.35082751275756474,0.18035253580176513,"[np.str_('user_05'), np.str_('user_06'), np.str_('user_02')]",user_05,vpn,user_05_vpn_s180,open_set,False,False
user_05,user_05,0.9660342188858927,0.23143791565354221,0.13270184838382476,"[np.str_('user_05'), np.str_('user_06'), np.str_('user_02')]",user_05,vpn,user_05_vpn_s183,open_set,False,False
unknown,user_05,0.7601030512544741,1.0,0.619948474372763,"[np.str_('user_05'), np.str_('user_06'), np.str_('user_02')]",user_05,vpn,user_05_vpn_s186,open_set,False,True
unknown,user_05,0.9009929067044429,0.9281471698477335,0.5135771315716453,"[np.str_('user_05'), np.str_('user_04'), np.str_('user_06')]",user_05,vpn,user_05_vpn_s188,open_set,False,True
unknown,user_05,0.5239387546579226,1.0,0.7380306226710387,"[np.str_('user_05'), np.str_('user_01'), np.str_('user_02')]",user_05,vpn,user_05_vpn_s190,open_set,False,True
user_05,user_05,0.9695327629787271,0.4696241035281631,0.25004567027471797,"[np.str_('user_05'), np.str_('user_06'), np.str_('user_01')]",user_05,vpn,user_05_vpn_s192,open_set,False,False
user_05,user_05,0.9296469438161019,0.50944220667019,0.28989763142704406,"[np.str_('user_05'), np.str_('user_06'), np.str_('user_01')]",user_05,vpn,user_05_vpn_s194,open_set,False,False
user_05,user_05,0.9722553767230208,0.5110548900916942,0.26939975668433674,"[np.str_('user_05'), np.str_('user_04'), np.str_('user_07')]",user_05,vpn,user_05_vpn_s196,open_set,False,False
user_05,user_05,0.9872468299869908,0.487345674588316,0.2500494223006626,"[np.str_('user_05'), np.str_('user_06'), np.str_('user_02')]",user_05,vpn,user_05_vpn_s198,open_set,False,False
unknown,user_05,0.7708098932388509,0.8058937492579783,0.5175419280095637,"[np.str_('user_05'), np.str_('user_06'), np.str_('user_01')]",user_05,vpn,user_05_vpn_s200,open_set,False,True
unknown,user_05,0.961571588854213,0.6095106604123172,0.3239695357790521,"[np.str_('user_05'), np.str_('user_06'), np.str_('user_02')]",user_05,vpn,user_05_vpn_s204,open_set,False,True
user_05,user_05,0.9859637137137137,0.5862819103022001,0.3001590982942432,"[np.str_('user_05'), np.str_('user_04'), np.str_('user_01')]",user_05,vpn,user_05_vpn_s206,open_set,False,False
user_06,user_06,1.0,0.0,0.0,"[np.str_('user_06'), np.str_('user_07'), np.str_('user_05')]",user_06,direct,user_06_direct_s207,open_set,False,False
user_06,user_06,0.980653710881424,0.459049177607761,0.23919773336316852,"[np.str_('user_06'), np.str_('user_01'), np.str_('user_02')]",user_06,direct,user_06_direct_s208,open_set,False,False
user_06,user_06,0.9853107618652659,0.2469687693684237,0.1308290037515789,"[np.str_('user_06'), np.str_('user_05'), np.str_('user_04')]",user_06,direct,user_06_direct_s209,open_set,False,False
user_06,user_06,0.9879632597340932,0.20279209146036214,0.1074144158631345,"[np.str_('user_06'), np.str_('user_05'), np.str_('user_04')]",user_06,direct,user_06_direct_s210,open_set,False,False
user_06,user_06,0.9966666666666667,0.1203889928832238,0.06186116310827855,"[np.str_('user_06'), np.str_('user_07'), np.str_('user_05')]",user_06,direct,user_06_direct_s212,open_set,False,False
user_06,user_06,0.9896015631601112,0.1589710508287575,0.08468474383432317,"[np.str_('user_06'), np.str_('user_05'), np.str_('user_04')]",user_06,direct,user_06_direct_s214,open_set,False,False
user_06,user_06,0.9982371794871796,0.02851510363346177,0.015138962073141082,"[np.str_('user_06'), np.str_('user_05'), np.str_('user_07')]",user_06,direct,user_06_direct_s215,open_set,False,False
unknown,user_06,0.9343159123850324,0.9672252207393935,0.5164546541771806,"[np.str_('user_06'), np.str_('user_01'), np.str_('user_02')]",user_06,direct,user_06_direct_s217,open_set,False,True
unknown,user_06,0.7239591884008234,0.7528523952822063,0.5144466034406914,"[np.str_('user_06'), np.str_('user_02'), np.str_('user_05')]",user_06,direct,user_06_direct_s219,open_set,False,True
unknown,user_06,0.883531521661465,0.7069513900827937,0.4117099342106644,"[np.str_('user_06'), np.str_('user_05'), np.str_('user_01')]",user_06,direct,user_06_direct_s221,open_set,False,True
user_06,user_06,0.9572168028626087,0.30609027909625164,0.17443673811682148,"[np.str_('user_06'), np.str_('user_02'), np.str_('user_01')]",user_06,direct,user_06_direct_s223,open_set,False,False
user_06,user_06,0.9468055663654489,0.21206516778119588,0.1326298007078735,"[np.str_('user_06'), np.str_('user_05'), np.str_('user_02')]",user_06,direct,user_06_direct_s225,open_set,False,False
user_06,user_06,0.9693220550314228,0.19535253465369007,0.11301523981113365,"[np.str_('user_06'), np.str_('user_05'), np.str_('user_02')]",user_06,direct,user_06_direct_s227,open_set,False,False
unknown,user_06,0.9100062012040161,0.9534595179891816,0.5217266583925828,"[np.str_('user_06'), np.str_('user_02'), np.str_('user_01')]",user_06,direct,user_06_direct_s229,open_set,False,True
unknown,user_06,0.8745205109574158,0.6773629680459488,0.4014212285442665,"[np.str_('user_06'), np.str_('user_05'), np.str_('user_01')]",user_06,direct,user_06_direct_s231,open_set,False,True
unknown,user_06,0.8590326570216115,1.0,0.5704836714891943,"[np.str_('user_06'), np.str_('user_02'), np.str_('user_01')]",user_06,direct,user_06_direct_s233,open_set,False,True
user_06,user_06,0.9328121845731107,0.2824882494059354,0.17483803241641238,"[np.str_('user_06'), np.str_('user_05'), np.str_('user_02')]",user_06,direct,user_06_direct_s235,open_set,False,False
user_06,user_06,0.9558714904826725,0.20356795958069518,0.12384823454901134,"[np.str_('user_06'), np.str_('user_02'), np.str_('user_05')]",user_06,direct,user_06_direct_s237,open_set,False,False
unknown,user_06,0.8946798778273326,0.6684533831298768,0.3868867526512721,"[np.str_('user_06'), np.str_('user_05'), np.str_('user_02')]",user_06,direct,user_06_direct_s239,open_set,False,True
unknown,user_06,0.974920714922171,0.667554307923363,0.346316796500596,"[np.str_('user_06'), np.str_('user_05'), np.str_('user_07')]",user_06,direct,user_06_direct_s241,open_set,False,True
user_06,user_06,0.9762820512820511,0.04345300640812533,0.03358547756303709,"[np.str_('user_06'), np.str_('user_05'), np.str_('user_02')]",user_06,direct,user_06_direct_s242,open_set,False,False
user_06,user_06,1.0,0.06810869839647882,0.03405434919823941,"[np.str_('user_06'), np.str_('user_07'), np.str_('user_05')]",user_06,direct,user_06_direct_s247,open_set,False,False
user_06,user_06,0.9914236111111111,0.04141671594146479,0.024996552415176843,"[np.str_('user_06'), np.str_('user_02'), np.str_('user_01')]",user_06,direct,user_06_direct_s251,open_set,False,False
user_06,user_06,0.9982371794871796,0.26857368074016974,0.13516825062649507,"[np.str_('user_06'), np.str_('user_05'), np.str_('user_07')]",user_06,direct,user_06_direct_s254,open_set,False,False
user_06,user_06,0.9648865790250062,0.120761823218971,0.0779376220969824,"[np.str_('user_06'), np.str_('user_05'), np.str_('user_01')]",user_06,direct,user_06_direct_s255,open_set,False,False
user_06,user_06,0.957633118667394,0.14031592543581872,0.09134140338421237,"[np.str_('user_06'), np.str_('user_05'), np.str_('user_02')]",user_06,direct,user_06_direct_s256,open_set,False,False
user_06,user_06,0.9768679189947227,0.0,0.011566040502638653,"[np.str_('user_06'), np.str_('user_05'), np.str_('user_07')]",user_06,direct,user_06_direct_s258,open_set,False,False
user_06,user_06,0.9903722557399028,0.12851447416071926,0.06907110921040821,"[np.str_('user_06'), np.str_('user_02'), np.str_('user_05')]",user_06,direct,user_06_direct_s260,open_set,False,False
user_06,user_06,0.9738546649440222,0.4262350587091164,0.2261901968825471,"[np.str_('user_06'), np.str_('user_02'), np.str_('user_05')]",user_06,vpn,user_06_vpn_s211,open_set,False,False
user_06,user_06,0.9741859122290418,0.22445320014059034,0.12513364395577425,"[np.str_('user_06'), np.str_('user_01'), np.str_('user_02')]",user_06,vpn,user_06_vpn_s213,open_set,False,False
user_06,user_06,0.9978682170542637,0.22203971089083896,0.11208574691828765,"[np.str_('user_06'), np.str_('user_04'), np.str_('user_07')]",user_06,vpn,user_06_vpn_s216,open_set,False,False
user_06,user_06,0.956443882682287,0.43079329892039486,0.23717470811905395,"[np.str_('user_06'), np.str_('user_01'), np.str_('user_05')]",user_06,vpn,user_06_vpn_s218,open_set,False,False
user_06,user_06,0.9792874116974635,0.21580941621724858,0.11826100225989256,"[np.str_('user_06'), np.str_('user_02'), np.str_('user_05')]",user_06,vpn,user_06_vpn_s220,open_set,False,False
unknown,user_06,0.5986780231644612,1.0,0.7006609884177695,"[np.str_('user_06'), np.str_('user_02'), np.str_('user_01')]",user_06,vpn,user_06_vpn_s222,open_set,False,True
unknown,user_06,0.8836571221346687,0.6813293854643528,0.39883613166484205,"[np.str_('user_06'), np.str_('user_01'), np.str_('user_02')]",user_06,vpn,user_06_vpn_s224,open_set,False,True
unknown,user_06,0.6396087612932572,1.0,0.6801956193533714,"[np.str_('user_06'), np.str_('user_02'), np.str_('user_01')]",user_06,vpn,user_06_vpn_s226,open_set,False,True
user_06,user_06,0.982670729977807,0.34357501619893827,0.18045214311056562,"[np.str_('user_06'), np.str_('user_05'), np.str_('user_02')]",user_06,vpn,user_06_vpn_s228,open_set,False,False
user_06,user_06,0.8820940529861012,0.3415679643835934,0.22973695569874608,"[np.str_('user_06'), np.str_('user_05'), np.str_('user_02')]",user_06,vpn,user_06_vpn_s230,open_set,False,False
user_06,user_06,0.9901286037608139,0.39898296575704273,0.2044271809981144,"[np.str_('user_06'), np.str_('user_02'), np.str_('user_05')]",user_06,vpn,user_06_vpn_s232,open_set,False,False
unknown,user_06,0.9607729790612515,0.6611980050231987,0.3502125129809736,"[np.str_('user_06'), np.str_('user_05'), np.str_('user_02')]",user_06,vpn,user_06_vpn_s234,open_set,False,True
user_06,user_06,0.9347705969647951,0.36164538199126905,0.21343739251323696,"[np.str_('user_06'), np.str_('user_02'), np.str_('user_05')]",user_06,vpn,user_06_vpn_s236,open_set,False,False
user_06,user_06,0.943441357310553,0.3767188586987522,0.2166387506940996,"[np.str_('user_06'), np.str_('user_05'), np.str_('user_01')]",user_06,vpn,user_06_vpn_s238,open_set,False,False
user_06,user_06,0.8179867103938786,0.580399154092846,0.3812062218494837,"[np.str_('user_06'), np.str_('user_02'), np.str_('user_01')]",user_06,vpn,user_06_vpn_s240,open_set,False,False
user_06,user_06,0.9912313034188035,0.25595219073711206,0.13236044365915428,"[np.str_('user_06'), np.str_('user_02'), np.str_('user_05')]",user_06,vpn,user_06_vpn_s243,open_set,False,False
unknown,user_06,0.9873967398299127,0.6434098014505372,0.3280065308103122,"[np.str_('user_06'), np.str_('user_07'), np.str_('user_01')]",user_06,vpn,user_06_vpn_s244,open_set,False,True
user_06,user_06,0.9957323756778585,0.2393440866383768,0.12180585548025913,"[np.str_('user_06'), np.str_('user_05'), np.str_('user_01')]",user_06,vpn,user_06_vpn_s245,open_set,False,False
user_06,user_06,0.9926302547256414,0.11086312693108336,0.05911643610272099,"[np.str_('user_06'), np.str_('user_02'), np.str_('user_04')]",user_06,vpn,user_06_vpn_s246,open_set,False,False
user_06,user_06,0.9700818576433037,0.5315740620334695,0.2807461021950829,"[np.str_('user_06'), np.str_('user_02'), np.str_('user_01')]",user_06,vpn,user_06_vpn_s248,open_set,False,False
user_06,user_06,0.9942384105960266,0.14327760003868018,0.0745195947213268,"[np.str_('user_06'), np.str_('user_01'), np.str_('user_02')]",user_06,vpn,user_06_vpn_s249,open_set,False,False
user_06,user_06,0.957117815597694,0.5274147411648317,0.2851484627835688,"[np.str_('user_06'), np.str_('user_01'), np.str_('user_02')]",user_06,vpn,user_06_vpn_s250,open_set,False,False
unknown,user_06,0.994046102903719,0.6514967782653115,0.32872533768079626,"[np.str_('user_06'), np.str_('user_05'), np.str_('user_02')]",user_06,vpn,user_06_vpn_s252,open_set,False,True
user_06,user_06,0.9978682170542637,0.0,0.0010658914728681745,"[np.str_('user_06'), np.str_('user_04'), np.str_('user_07')]",user_06,vpn,user_06_vpn_s253,open_set,False,False
user_06,user_06,0.9978927203065133,0.006160085741269694,0.004133682717378184,"[np.str_('user_06'), np.str_('user_07'), np.str_('user_05')]",user_06,vpn,user_06_vpn_s257,open_set,False,False
unknown,user_06,0.9438474350648466,0.6069382144561396,0.3315453896956465,"[np.str_('user_06'), np.str_('user_02'), np.str_('user_01')]",user_06,vpn,user_06_vpn_s259,open_set,False,True
user_06,user_06,0.9982371794871794,0.012804958694719537,0.007283889603770077,"[np.str_('user_06'), np.str_('user_05'), np.str_('user_07')]",user_06,vpn,user_06_vpn_s261,open_set,False,False
user_07,user_07,0.9866666666666667,0.14502938858136516,0.07918136095734923,"[np.str_('user_07'), np.str_('user_04'), np.str_('user_03')]",user_07,direct,user_07_direct_s262,open_set,False,False
user_07,user_07,0.9838972660814361,0.01791703930889954,0.017009886613731706,"[np.str_('user_07'), np.str_('user_04'), np.str_('user_05')]",user_07,direct,user_07_direct_s265,open_set,False,False
unknown,user_07,0.9332769336283507,0.7497168292216654,0.4082199477966573,"[np.str_('user_07'), np.str_('user_04'), np.str_('user_01')]",user_07,direct,user_07_direct_s266,open_set,False,True
unknown,user_07,0.9595679657478932,1.0,0.5202160171260535,"[np.str_('user_07'), np.str_('user_04'), np.str_('user_03')]",user_07,direct,user_07_direct_s268,open_set,False,True
user_07,user_07,0.9950943396226415,0.18490376282870913,0.09490471160303382,"[np.str_('user_07'), np.str_('user_04'), np.str_('user_03')]",user_07,direct,user_07_direct_s271,open_set,False,False
user_07,user_07,0.9933333333333333,0.0,0.003333333333333355,"[np.str_('user_07'), np.str_('user_04'), np.str_('user_06')]",user_07,direct,user_07_direct_s273,open_set,False,False
user_07,user_07,0.9780923013670471,0.11480268615868272,0.06835519239581783,"[np.str_('user_07'), np.str_('user_04'), np.str_('user_03')]",user_07,direct,user_07_direct_s277,open_set,False,False
unknown,user_07,0.9692124949590653,0.608644470293596,0.3197159876672654,"[np.str_('user_07'), np.str_('user_04'), np.str_('user_05')]",user_07,direct,user_07_direct_s279,open_set,False,True
user_07,user_07,0.9867423119143867,0.06511282227080772,0.03918525517821053,"[np.str_('user_07'), np.str_('user_05'), np.str_('user_04')]",user_07,direct,user_07_direct_s281,open_set,False,False
user_07,user_07,0.9966666666666667,0.06995391240658122,0.03664362286995726,"[np.str_('user_07'), np.str_('user_04'), np.str_('user_06')]",user_07,direct,user_07_direct_s282,open_set,False,False
user_07,user_07,1.0,0.4746527192008918,0.2373263596004459,"[np.str_('user_07'), np.str_('user_06'), np.str_('user_05')]",user_07,direct,user_07_direct_s283,open_set,False,False
user_07,user_07,0.9597736357770335,0.27743289895999823,0.1588296315914824,"[np.str_('user_07'), np.str_('user_03'), np.str_('user_04')]",user_07,direct,user_07_direct_s285,open_set,False,False
user_07,user_07,0.9853094807331038,0.12186757568677387,0.06827904747683505,"[np.str_('user_07'), np.str_('user_04'), np.str_('user_05')]",user_07,direct,user_07_direct_s287,open_set,False,False
unknown,user_07,0.9696130211774396,0.7299221986222499,0.38015458872240515,"[np.str_('user_07'), np.str_('user_04'), np.str_('user_03')]",user_07,direct,user_07_direct_s289,open_set,False,True
unknown,user_07,0.9511955255005544,0.64392024964817,0.3463623620738078,"[np.str_('user_07'), np.str_('user_04'), np.str_('user_06')]",user_07,direct,user_07_direct_s292,open_set,False,True
user_07,user_07,0.9697938536162733,0.5410498269004991,0.28562798664211286,"[np.str_('user_07'), np.str_('user_03'), np.str_('user_04')]",user_07,direct,user_07_direct_s293,open_set,False,False
user_07,user_07,0.966151986446305,0.16088275669888585,0.09736538512629045,"[np.str_('user_07'), np.str_('user_04'), np.str_('user_01')]",user_07,vpn,user_07_vpn_s263,open_set,False,False
user_07,user_07,0.963662392164305,0.34166818036437374,0.18900289410003435,"[np.str_('user_07'), np.str_('user_04'), np.str_('user_05')]",user_07,vpn,user_07_vpn_s264,open_set,False,False
user_07,user_07,0.9786309629419553,0.10861233815071991,0.06499068760438231,"[np.str_('user_07'), np.str_('user_04'), np.str_('user_02')]",user_07,vpn,user_07_vpn_s267,open_set,False,False
unknown,user_07,0.9873141097904742,0.9608192490961007,0.48675256965281327,"[np.str_('user_07'), np.str_('user_04'), np.str_('user_06')]",user_07,vpn,user_07_vpn_s269,open_set,False,True
user_07,user_07,1.0,0.34250286740756264,0.17125143370378132,"[np.str_('user_07'), np.str_('user_06'), np.str_('user_05')]",user_07,vpn,user_07_vpn_s270,open_set,False,False
user_07,user_07,0.9946413502109703,0.13335570128752905,0.06935717553827936,"[np.str_('user_07'), np.str_('user_05'), np.str_('user_04')]",user_07,vpn,user_07_vpn_s272,open_set,False,False
unknown,user_07,0.9836150627729182,1.0,0.5081924686135408,"[np.str_('user_07'), np.str_('user_04'), np.str_('user_01')]",user_07,vpn,user_07_vpn_s274,open_set,False,True
user_07,user_07,0.9727333044100474,0.264530381745537,0.14589853866774483,"[np.str_('user_07'), np.str_('user_04'), np.str_('user_02')]",user_07,vpn,user_07_vpn_s275,open_set,False,False
unknown,user_07,0.9831768430405808,0.932512722947606,0.4746679399535126,"[np.str_('user_07'), np.str_('user_04'), np.str_('user_01')]",user_07,vpn,user_07_vpn_s276,open_set,False,True
user_07,user_07,0.9569584368181863,0.27284643963025335,0.15794400140603354,"[np.str_('user_07'), np.str_('user_04'), np.str_('user_06')]",user_07,vpn,user_07_vpn_s278,open_set,False,False
user_07,user_07,0.9319245277892539,0.2778463135918052,0.17296089290127564,"[np.str_('user_07'), np.str_('user_04'), np.str_('user_05')]",user_07,vpn,user_07_vpn_s280,open_set,False,False
user_07,user_07,0.9937186430127607,0.0,0.003140678493619653,"[np.str_('user_07'), np.str_('user_04'), np.str_('user_01')]",user_07,vpn,user_07_vpn_s284,open_set,False,False
user_07,user_07,0.9923677643711357,0.24154725971256175,0.12458974767071301,"[np.str_('user_07'), np.str_('user_04'), np.str_('user_01')]",user_07,vpn,user_07_vpn_s286,open_set,False,False
unknown,user_07,0.9858435911026252,0.6130023804430382,0.3135793946702065,"[np.str_('user_07'), np.str_('user_04'), np.str_('user_02')]",user_07,vpn,user_07_vpn_s288,open_set,False,True
user_07,user_07,0.9710184034448177,0.3798358921955677,0.20440874437537498,"[np.str_('user_07'), np.str_('user_04'), np.str_('user_05')]",user_07,vpn,user_07_vpn_s290,open_set,False,False
user_07,user_07,0.9865262772712142,0.12192082159309192,0.06769727216093885,"[np.str_('user_07'), np.str_('user_04'), np.str_('user_01')]",user_07,vpn,user_07_vpn_s291,open_set,False,False
user_06,user_06,0.48898822300392925,0.38453025025784104,0.44777101362695587,"[np.str_('user_06'), np.str_('user_05'), np.str_('user_02')]",unknown,direct,user_08_direct_s295,open_set,True,False
unknown,user_06,0.33020355218641984,0.6733919649709829,0.6715942063922815,"[np.str_('user_06'), np.str_('user_05'), np.str_('user_04')]",unknown,direct,user_08_direct_s296,open_set,True,True
unknown,user_06,0.41255854707435946,0.37178823743746514,0.47961484518155284,"[np.str_('user_06'), np.str_('user_05'), np.str_('user_01')]",unknown,direct,user_08_direct_s298,open_set,True,True
unknown,user_06,0.35947180262499845,0.7081768950013698,0.6743525461881856,"[np.str_('user_06'), np.str_('user_05'), np.str_('user_04')]",unknown,direct,user_08_direct_s299,open_set,True,True
unknown,user_05,0.3407122005818841,1.0,0.8296438997090579,"[np.str_('user_05'), np.str_('user_06'), np.str_('user_04')]",unknown,direct,user_08_direct_s300,open_set,True,True
unknown,user_04,0.26878172465173616,1.0,0.865609137674132,"[np.str_('user_04'), np.str_('user_05'), np.str_('user_06')]",unknown,direct,user_08_direct_s301,open_set,True,True
unknown,user_06,0.28100246649232763,0.8008021392074163,0.7598998363575443,"[np.str_('user_06'), np.str_('user_05'), np.str_('user_04')]",unknown,direct,user_08_direct_s302,open_set,True,True
unknown,user_05,0.2638331591186663,1.0,0.8680834204406669,"[np.str_('user_05'), np.str_('user_04'), np.str_('user_06')]",unknown,direct,user_08_direct_s304,open_set,True,True
unknown,user_06,0.316776311088935,0.8150862314243031,0.7491549601676841,"[np.str_('user_06'), np.str_('user_05'), np.str_('user_04')]",unknown,direct,user_08_direct_s305,open_set,True,True
unknown,user_05,0.38061107207730366,1.0,0.8096944639613481,"[np.str_('user_05'), np.str_('user_06'), np.str_('user_04')]",unknown,direct,user_08_direct_s307,open_set,True,True
unknown,user_06,0.46720655475459494,0.6015725546259356,0.5671829999356703,"[np.str_('user_06'), np.str_('user_01'), np.str_('user_02')]",unknown,direct,user_08_direct_s309,open_set,True,True
unknown,user_05,0.71889703843824,0.8943735185215627,0.5877382400416613,"[np.str_('user_05'), np.str_('user_06'), np.str_('user_02')]",unknown,direct,user_08_direct_s311,open_set,True,True
unknown,user_05,0.46433626195054406,1.0,0.767831869024728,"[np.str_('user_05'), np.str_('user_06'), np.str_('user_04')]",unknown,direct,user_08_direct_s313,open_set,True,True
unknown,user_05,0.4592793767244823,1.0,0.7703603116377589,"[np.str_('user_05'), np.str_('user_07'), np.str_('user_06')]",unknown,direct,user_08_direct_s315,open_set,True,True
unknown,user_05,0.4500869758087876,1.0,0.7749565120956062,"[np.str_('user_05'), np.str_('user_06'), np.str_('user_04')]",unknown,direct,user_08_direct_s317,open_set,True,True
unknown,user_07,0.5369885377066311,1.0,0.7315057311466844,"[np.str_('user_07'), np.str_('user_05'), np.str_('user_01')]",unknown,direct,user_08_direct_s319,open_set,True,True
unknown,user_07,0.3803671055536899,1.0,0.809816447223155,"[np.str_('user_07'), np.str_('user_05'), np.str_('user_06')]",unknown,direct,user_08_direct_s321,open_set,True,True
unknown,user_05,0.5164095933330711,1.0,0.7417952033334645,"[np.str_('user_05'), np.str_('user_06'), np.str_('user_04')]",unknown,direct,user_08_direct_s324,open_set,True,True
unknown,user_05,0.37965974309754175,1.0,0.8101701284512292,"[np.str_('user_05'), np.str_('user_06'), np.str_('user_04')]",unknown,direct,user_08_direct_s325,open_set,True,True
unknown,user_06,0.2489117653093256,0.5381993398466169,0.6446437872686457,"[np.str_('user_06'), np.str_('user_05'), np.str_('user_04')]",unknown,direct,user_08_direct_s328,open_set,True,True
unknown,user_06,0.3433384495067431,0.5094201044421793,0.5830408274677181,"[np.str_('user_06'), np.str_('user_05'), np.str_('user_04')]",unknown,direct,user_08_direct_s331,open_set,True,True
unknown,user_06,0.4744369405992549,0.8105923084728651,0.6680776839368051,"[np.str_('user_06'), np.str_('user_01'), np.str_('user_05')]",unknown,direct,user_08_direct_s333,open_set,True,True
unknown,user_06,0.2459640553882766,1.0,0.8770179723058618,"[np.str_('user_06'), np.str_('user_07'), np.str_('user_01')]",unknown,direct,user_08_direct_s335,open_set,True,True
unknown,user_05,0.4398972115527719,1.0,0.780051394223614,"[np.str_('user_05'), np.str_('user_07'), np.str_('user_06')]",unknown,direct,user_08_direct_s337,open_set,True,True
unknown,user_01,0.3292848618292037,0.605831706883414,0.6382734225271052,"[np.str_('user_01'), np.str_('user_06'), np.str_('user_02')]",unknown,direct,user_08_direct_s339,open_set,True,True
unknown,user_07,0.4176460696494617,1.0,0.7911769651752691,"[np.str_('user_07'), np.str_('user_05'), np.str_('user_06')]",unknown,direct,user_08_direct_s341,open_set,True,True
user_06,user_06,0.47049578074404536,0.5541196639168955,0.5418119415864251,"[np.str_('user_06'), np.str_('user_05'), np.str_('user_01')]",unknown,direct,user_08_direct_s343,open_set,True,False
unknown,user_05,0.62302689030508,1.0,0.68848655484746,"[np.str_('user_05'), np.str_('user_06'), np.str_('user_02')]",unknown,direct,user_08_direct_s345,open_set,True,True
unknown,user_06,0.4991620057696591,0.601295034632757,0.551066514431549,"[np.str_('user_06'), np.str_('user_05'), np.str_('user_01')]",unknown,direct,user_08_direct_s347,open_set,True,True
unknown,user_07,0.28091350575354895,1.0,0.8595432471232255,"[np.str_('user_07'), np.str_('user_05'), np.str_('user_06')]",unknown,direct,user_08_direct_s349,open_set,True,True
unknown,user_06,0.2797864616792983,0.6935737685101129,0.7068936534154073,"[np.str_('user_06'), np.str_('user_05'), np.str_('user_04')]",unknown,direct,user_08_direct_s352,open_set,True,True
user_06,user_06,0.4552175778514957,0.42267098426645366,0.48372670320747896,"[np.str_('user_06'), np.str_('user_05'), np.str_('user_04')]",unknown,direct,user_08_direct_s354,open_set,True,False
unknown,user_06,0.3675640331469146,1.0,0.8162179834265427,"[np.str_('user_06'), np.str_('user_04'), np.str_('user_01')]",unknown,vpn,user_08_vpn_s294,open_set,True,True
user_06,user_06,0.547466052718783,0.49283395125335927,0.47268394926728813,"[np.str_('user_06'), np.str_('user_01'), np.str_('user_04')]",unknown,vpn,user_08_vpn_s297,open_set,True,False
unknown,user_06,0.2907032202754203,1.0,0.8546483898622899,"[np.str_('user_06'), np.str_('user_04'), np.str_('user_05')]",unknown,vpn,user_08_vpn_s303,open_set,True,True
unknown,user_06,0.3743721211179353,0.5182250191506568,0.5719264490163607,"[np.str_('user_06'), np.str_('user_05'), np.str_('user_04')]",unknown,vpn,user_08_vpn_s306,open_set,True,True
unknown,user_06,0.4618495896687807,0.6849857571400496,0.6115680837356345,"[np.str_('user_06'), np.str_('user_05'), np.str_('user_07')]",unknown,vpn,user_08_vpn_s308,open_set,True,True
unknown,user_05,0.460621455907482,1.0,0.769689272046259,"[np.str_('user_05'), np.str_('user_07'), np.str_('user_06')]",unknown,vpn,user_08_vpn_s310,open_set,True,True
unknown,user_06,0.6448609709589757,0.8107394068656213,0.5829392179533228,"[np.str_('user_06'), np.str_('user_05'), np.str_('user_01')]",unknown,vpn,user_08_vpn_s312,open_set,True,True
unknown,user_06,0.46471568874598534,0.6828163595507379,0.6090503354023763,"[np.str_('user_06'), np.str_('user_05'), np.str_('user_01')]",unknown,vpn,user_08_vpn_s314,open_set,True,True
unknown,user_05,0.4249602513507451,1.0,0.7875198743246274,"[np.str_('user_05'), np.str_('user_07'), np.str_('user_06')]",unknown,vpn,user_08_vpn_s316,open_set,True,True
unknown,user_06,0.7299026019369337,0.6119537517495024,0.44102557490628436,"[np.str_('user_06'), np.str_('user_02'), np.str_('user_01')]",unknown,vpn,user_08_vpn_s318,open_set,True,True
unknown,user_07,0.4076171811299674,1.0,0.7961914094350163,"[np.str_('user_07'), np.str_('user_01'), np.str_('user_05')]",unknown,vpn,user_08_vpn_s320,open_set,True,True
unknown,user_04,0.27407128366851646,1.0,0.8629643581657418,"[np.str_('user_04'), np.str_('user_06'), np.str_('user_05')]",unknown,vpn,user_08_vpn_s322,open_set,True,True
unknown,user_06,0.36546390054160727,0.9825661170399558,0.8085511082491743,"[np.str_('user_06'), np.str_('user_04'), np.str_('user_01')]",unknown,vpn,user_08_vpn_s323,open_set,True,True
unknown,user_06,0.5289104073493621,0.8228531782661107,0.6469713854583743,"[np.str_('user_06'), np.str_('user_01'), np.str_('user_04')]",unknown,vpn,user_08_vpn_s326,open_set,True,True
unknown,user_06,0.2530868332611885,1.0,0.8734565833694057,"[np.str_('user_06'), np.str_('user_04'), np.str_('user_01')]",unknown,vpn,user_08_vpn_s327,open_set,True,True
unknown,user_06,0.2773247353196994,0.5492978447781542,0.6359865547292274,"[np.str_('user_06'), np.str_('user_05'), np.str_('user_04')]",unknown,vpn,user_08_vpn_s329,open_set,True,True
unknown,user_06,0.4315467081941059,0.7973113678497241,0.682882329827809,"[np.str_('user_06'), np.str_('user_04'), np.str_('user_05')]",unknown,vpn,user_08_vpn_s330,open_set,True,True
unknown,user_07,0.534762343798815,1.0,0.7326188281005925,"[np.str_('user_07'), np.str_('user_05'), np.str_('user_01')]",unknown,vpn,user_08_vpn_s332,open_set,True,True
unknown,user_06,0.32798359980126107,1.0,0.8360082000993695,"[np.str_('user_06'), np.str_('user_02'), np.str_('user_01')]",unknown,vpn,user_08_vpn_s334,open_set,True,True
unknown,user_06,0.3446402005983764,1.0,0.8276798997008118,"[np.str_('user_06'), np.str_('user_01'), np.str_('user_02')]",unknown,vpn,user_08_vpn_s336,open_set,True,True
unknown,user_06,0.3617716779713009,0.6069794789567956,0.6226039004927473,"[np.str_('user_06'), np.str_('user_05'), np.str_('user_02')]",unknown,vpn,user_08_vpn_s338,open_set,True,True
unknown,user_06,0.3757102113046791,0.6094556686313499,0.6168727286633354,"[np.str_('user_06'), np.str_('user_05'), np.str_('user_07')]",unknown,vpn,user_08_vpn_s340,open_set,True,True
unknown,user_06,0.3582248979105632,1.0,0.8208875510447184,"[np.str_('user_06'), np.str_('user_01'), np.str_('user_02')]",unknown,vpn,user_08_vpn_s342,open_set,True,True
unknown,user_06,0.4989841103080159,1.0,0.750507944845992,"[np.str_('user_06'), np.str_('user_02'), np.str_('user_01')]",unknown,vpn,user_08_vpn_s344,open_set,True,True
unknown,user_06,0.4536812335556989,1.0,0.7731593832221506,"[np.str_('user_06'), np.str_('user_01'), np.str_('user_02')]",unknown,vpn,user_08_vpn_s346,open_set,True,True
unknown,user_06,0.5099468593066735,0.6957937161119674,0.592923428402647,"[np.str_('user_06'), np.str_('user_05'), np.str_('user_01')]",unknown,vpn,user_08_vpn_s348,open_set,True,True
unknown,user_06,0.38190987173340013,1.0,0.8090450641332999,"[np.str_('user_06'), np.str_('user_04'), np.str_('user_01')]",unknown,vpn,user_08_vpn_s350,open_set,True,True
unknown,user_06,0.3451796785959068,0.7541678977486515,0.7044941095763724,"[np.str_('user_06'), np.str_('user_07'), np.str_('user_04')]",unknown,vpn,user_08_vpn_s351,open_set,True,True
unknown,user_06,0.4814094513311227,0.879056920571786,0.6988237346203316,"[np.str_('user_06'), np.str_('user_01'), np.str_('user_04')]",unknown,vpn,user_08_vpn_s353,open_set,True,True
